,ad_total_size_pct,quality_index,political_score,visits,unique_visitors,total_pages,total_time_hours
ad_total_size_pct,1.0,0.03555512890147585,-0.009984479637725112,-0.07658740876000888,-0.0785447173715333,-0.04967818326829065,0.01087885771932494
quality_index,0.03555512890147585,1.0,0.03451697073061875,-0.18176030019400974,-0.16456502791271235,-0.18127012342075877,-0.2030704950850995
political_score,-0.009984479637725112,0.03451697073061875,1.0,0.03843150041827329,0.011552070338723986,-0.030767517613596234,-0.006688036252534159
visits,-0.07658740876000888,-0.18176030019400974,0.03843150041827329,1.0,0.9760638362449906,0.9244970425570537,0.703992192571952
unique_visitors,-0.0785447173715333,-0.16456502791271235,0.011552070338723986,0.9760638362449906,1.0,0.9303931336900424,0.6646019965193386
total_pages,-0.04967818326829065,-0.18127012342075877,-0.030767517613596234,0.9244970425570537,0.9303931336900424,1.0,0.7531412452360722
total_time_hours,0.01087885771932494,-0.2030704950850995,-0.006688036252534159,0.703992192571952,0.6646019965193386,0.7531412452360722,1.0
